Product Code,Product,Price,Status,Minimum stock,Available Stock,Supplier,Report Color
,Ash 2XL Sweatpant,19.00,Active,0,100,,No
,Ash 2XL Sweatshirt,18.00,Active,0,100,,No
,Ash 2XL T-shirt,12.00,Active,0,100,,No
,Ash L Sweatpant,16.00,Active,0,100,,No
,Ash L Sweatshirt,15.00,Active,0,100,,No
,Ash L T-shirt,9.00,Active,0,100,,No
,Ash M Sweatpant,16.00,Active,0,100,,No
,Ash M Sweatshirt,15.00,Active,0,100,,No
,Ash M T-shirt,9.00,Active,0,100,,No
,Ash S Sweatpant,16.00,Active,0,100,,No
,Ash S Sweatshirt,15.00,Active,0,100,,No
,Ash S T-shirt,9.00,Active,0,100,,No
,Ash XL Sweatpant,16.00,Active,0,100,,No
,Ash XL Sweatshirt,15.00,Active,0,100,,No
,Ash XL T-shirt,9.00,Active,0,100,,No
,Ash YL Sweatpant,16.00,Active,0,100,,No
,Ash YL Sweatshirt,15.00,Active,0,100,,No
,Ash YL T-shirt,9.00,Active,0,100,,No
,Ash YM Sweatpant,16.00,Active,0,100,,No
,Ash YM Sweatshirt,15.00,Active,0,100,,No
,Ash YM T-shirt,9.00,Active,0,100,,No
,Ash YS Sweatpant,16.00,Active,0,100,,No
,Ash YS Sweatshirt,15.00,Active,0,100,,No
,Ash YS T-shirt,9.00,Active,0,100,,No
,Ash YXL Sweatpant,16.00,Active,0,100,,No
,Ash YXL Sweatshirt,15.00,Active,0,100,,No
,Ash YXL T-shirt,9.00,Active,0,100,,No
,Ash YXS Sweatpant,16.00,Active,0,100,,No
,Ash YXS Sweatshirt,15.00,Active,0,100,,No
,Ash YXS T-shirt,9.00,Active,0,100,,No
810647006620,Black 10/12 LS POLO,15.95,Active,,100,,No
810647006439,Black 10/12 SS POLO,13.95,Active,0,100,,No
810647006637,Black 14/16 LS POLO,15.95,Active,,90,,No
810647006446,Black 14/16 SS POLO,13.95,Active,0,90,,No
810647006644,Black 18/20 LS POLO,15.95,Active,,98,,No
810647006453,Black 18/20 SS POLO,13.95,Active,0,96,,No
,Black 2/3 LS POLO,,Active,,100,,No
,Black 2/3 SS POLO,13.95,Active,0,100,,No
,Black 2XL 1/4 Zip Sweat Shirt,32.00,Active,0,100,,No
,Black 2XL Fleece,28.00,Active,0,100,,No
810647008082,Black 3/4 LS POLO,15.95,Active,,100,,No
810647006408,Black 3/4 SS POLO,13.95,Active,0,100,,No
810647008099,Black 5/6 LS POLO,15.95,Active,,100,,No
810647006415,Black 5/6 SS POLO,13.95,Active,0,100,,No
810647008105,Black 7/8 LS POLO,15.95,Active,,100,,No
810647006422,Black 7/8 SS POLO,13.95,Active,0,100,,No
,Black Boy Sweater 5/6,21.95,Inactive,0,0,,Yes
,Black Boy Sweater 6/7,21.95,Inactive,0,0,,Yes
,Black Fleece 10/12,28.00,Inactive,0,0,,Yes
,Black Fleece 14/16,28.00,Inactive,0,98,,No
,Black Fleece 18/20,28.00,Inactive,0,98,,No
,Black Fleece 18/20.,28.00,Inactive,0,2,,No
,Black Fleece LG,28.00,Inactive,0,0,,Yes
,Black Fleece MD,28.00,Inactive,0,0,,Yes
,Black Fleece SM,28.00,Inactive,0,0,,Yes
,Black Fleece XL,28.00,Inactive,0,0,,Yes
,Black Fleece XS,28.00,Inactive,0,0,,Yes
,Black Girl sweater,21.95,Inactive,0,100,,No
,Black Girl Sweater 10/12,22.95,Inactive,0,0,,Yes
,Black Girl Sweater 14/16,22.95,Inactive,0,0,,Yes
,Black Girls Sweater 18/20,23.95,Inactive,0,0,,Yes
,Black L Fleece,28.00,Active,0,100,,No
,Black LG 1/4 Zip Sweat Shirt,30.00,Active,0,100,,No
810647003469,Black LG LS POLO,17.95,Active,,100,,No
810647009249,Black LG SS POLO,15.95,Active,0,94,,No
,Black M 1/4 Zip Sweat Shirt,30.00,Active,0,100,,No
,Black M Fleece,28.00,Active,0,100,,No
810647003452,Black MD LS POLO,17.95,Active,,100,,No
810647009232,Black MD SS POLO,15.95,Active,0,92,,No
,Black Men`s Sweater SM,35.99,Inactive,0,0,,Yes
,Black Pants 32-34,21.95,Inactive,0,0,,Yes
,Black S 1/4 Zip Sweat Shirt,30.00,Active,0,100,,No
,Black S Fleece,28.00,Active,0,100,,No
,BLACK Skirt ,12.95,Active,0,0,,Yes
810647003445,Black SM LS POLO,17.95,Active,,100,,No
810647009225,Black SM SS POLO,15.95,Active,0,100,,No
,Black Sweat Pant MD,15.50,Active,0,0,,Yes
,Black Sweat pant YL,15.95,Inactive,0,0,,Yes
,Black Sweater 8,22.95,Inactive,0,0,,Yes
,Black Vest SM,35.99,Inactive,0,0,,Yes
,Black XL 1/4 Zip Sweat Shirt,30.00,Active,0,100,,No
,Black XL Fleece,28.00,Active,0,100,,No
810647003476,Black XL LS POLO,17.95,Active,,100,,No
810647009256,Black XL SS POLO,15.95,Active,0,100,,No
,Black XS Fleece,28.00,Active,0,100,,No
810647003483,Black XXL LS POLO,21.95,Active,,100,,No
810647009263,Black XXL SS POLO,19.95,Active,0,100,,No
,Black YL 1/4 Zip Sweat Shirt,30.00,Active,0,100,,No
,Black YL Fleece,28.00,Active,0,100,,No
,Black YM Fleece,28.00,Active,0,100,,No
,Black YS Fleece,28.00,Active,0,100,,No
,Black YXL 1/4 Zip Sweat Shirt,30.00,Active,0,100,,No
,Black YXL Fleece,28.00,Active,0,100,,No
,Blk 10/12 FT Girl Sweater,22.95,Active,0,100,,No
,Blk 10/12 FT Vneck Sweater,22.95,Active,0,100,,No
,Blk 14/16 FT Girl Sweater,23.95,Active,0,100,,No
,Blk 14/16 FT Vneck Sweater,23.95,Active,0,100,,No
,Blk 18/20 FT Girl Sweater,23.95,Active,0,100,,No
,Blk 18/20 FT Vneck Sweater,23.95,Active,0,100,,No
,Blk 4 FT Girl Sweater,21.95,Active,0,100,,No
,Blk 4 FT Vneck Sweater,21.95,Active,0,100,,No
,Blk 5 FT Girl Sweater,21.95,Active,0,100,,No
,Blk 5 FT Vneck Sweater,21.95,Active,0,100,,No
,Blk 6 FT Girl Sweater,21.95,Active,0,100,,No
,Blk 6 FT Vneck Sweater,21.95,Active,0,100,,No
,Blk 6X FT Girl Sweater,21.95,Active,0,100,,No
,Blk 7 FT Girl Sweater,22.95,Active,0,100,,No
,Blk 7 FT Vneck Sweater,22.95,Active,0,100,,No
,Blk 8 FT Girl Sweater,22.95,Active,0,100,,No
,Blk 8 FT Vneck Sweater,22.95,Active,0,100,,No
,Blk AS Har Girl Sweater,36.99,Inactive,0,0,,Yes
,Blue 12 LS Oxford,19.95,Active,0,100,,No
,Blue 12 SS Oxford,17.95,Active,0,100,,No
,Blue 14 LS Oxford,19.95,Active,0,100,,No
,Blue 14 SS Oxford,17.95,Active,0,100,,No
,Blue 16 LS Oxford,19.95,Active,0,100,,No
,Blue 16 SS Oxford,17.95,Active,0,100,,No
,Blue 18 LS Oxford,19.95,Active,0,100,,No
,Blue 18 SS Oxford,17.95,Active,0,100,,No
,Blue 20 LS Oxford,19.95,Active,0,100,,No
,Blue 20 SS Oxford,17.95,Active,0,100,,No
,Blue 2XL LS Oxford,23.95,Active,0,100,,No
,Blue 2XL SS Oxford,23.95,Active,0,100,,No
,Blue L LS Oxford,19.95,Active,0,100,,No
,Blue L SS Oxford,19.95,Active,0,100,,No
,Blue M LS Oxford,19.95,Active,0,100,,No
,Blue M SS Oxford,19.95,Active,0,100,,No
,Blue Oxford LS LG,29.95,Inactive,0,0,,Yes
,Blue Oxford SS,29.95,Inactive,0,93,,No
,Blue Oxford SS AXL,19.95,Inactive,0,98,,No
,Blue Oxford SS MD,1995.00,Inactive,0,0,,Yes
,Blue Oxford W LS SM,29.95,Inactive,0,0,,Yes
Blue Oxford W LS XS,Blue Oxford W LS XS,32.00,Inactive,0,0,,Yes
,Blue Oxford W SS MD,32.00,Inactive,0,0,,Yes
,Blue S LS Oxford,19.95,Active,0,100,,No
,Blue S SS Oxford,19.95,Active,0,100,,No
,Blue XL LS Oxford,21.95,Active,0,100,,No
,Blue XL SS Oxford,19.95,Active,0,100,,No
,Boy Kahi Pant 14H,19.50,Inactive,0,0,,Yes
,Boys Pants Khaki 16,16.50,Inactive,0,48,,No
,Bray Fleece 18/20,28.00,Inactive,0,0,,Yes
,Bur 10/12 FT Girl Sweater,22.95,Active,0,100,,No
,Bur 10/12 FT Vest,18.95,Active,0,100,,No
,Bur 10/12 FT Vneck Sweater,22.95,Active,0,100,,No
,Bur 14/16 FT Girl Sweater,23.95,Active,0,100,,No
,Bur 14/16 FT Vest,19.95,Active,0,100,,No
,Bur 14/16 FT Vneck Sweater,23.95,Active,0,100,,No
,Bur 18/20 FT Girl Sweater,23.95,Active,0,100,,No
,Bur 18/20 FT Vest,19.95,Active,0,100,,No
,Bur 18/20 FT Vneck Sweater,23.95,Active,0,100,,No
,Bur 4 FT Girl Sweater,21.95,Active,0,100,,No
,Bur 4 FT Vest,17.95,Active,0,100,,No
,Bur 4 FT Vneck Sweater,21.95,Active,0,100,,No
,Bur 5 FT Girl Sweater,21.95,Active,0,100,,No
,Bur 5 FT Vest,17.95,Active,0,100,,No
,Bur 5 FT Vneck Sweater,21.95,Active,0,100,,No
,Bur 6 FT Girl Sweater,21.95,Active,0,100,,No
,Bur 6 FT Vest,17.95,Active,0,100,,No
,Bur 6 FT Vneck Sweater,21.95,Active,0,100,,No
,Bur 6X FT Girl Sweater,21.95,Active,0,100,,No
,Bur 7 FT Girl Sweater,22.95,Active,0,100,,No
,Bur 7 FT Vest,18.95,Active,0,100,,No
,Bur 7 FT Vneck Sweater,22.95,Active,0,100,,No
,Bur 8 FT Girl Sweater,22.95,Active,0,100,,No
,Bur 8 FT Vest,18.95,Active,0,100,,No
,Bur 8 FT Vneck Sweater,22.95,Active,0,100,,No
,Bur L  A-plus Sweater,39.99,Active,0,100,,No
000,Bur L  A-plus Vest,35.99,Active,0,100,,No
,Bur M  A-plus Sweater,39.99,Active,0,100,,No
000,Bur M  A-plus Vest,35.99,Active,0,100,,No
,Bur S  A-plus Sweater,39.99,Active,0,100,,No
,Bur S  A-plus Vest,35.99,Active,0,100,,No
,Bur XL  A-plus Sweater,39.99,Active,0,100,,No
000,Bur XL  A-plus Vest,35.99,Active,0,100,,No
,Bur XL Fleece,28.00,Active,0,100,,No
,Bur YL  A-plus Sweater,35.99,Active,0,100,,No
,Bur YL  A-plus Vest,32.99,Active,0,100,,No
,Bur YM A-plus Sweater,32.99,Active,0,100,,No
,Bur YM A-plus Vest,26.99,Active,0,100,,No
,Bur YS A-plus Sweater,32.99,Active,0,100,,No
,Bur YS A-plus Vest,26.99,Active,0,100,,No
,Bur YXL  A-plus Sweater,35.99,Active,0,100,,No
,Bur YXL  A-plus Vest,32.99,Active,0,100,,No
,Bur YXS A-plus Sweater,32.99,Active,0,100,,No
,Bur YXS A-plus Vest,26.99,Active,0,100,,No
,Bur YXXS A-plus Sweater,32.99,Active,0,100,,No
,Bur YXXS A-plus Vest,26.99,Active,0,100,,No
,Burg Fleece A-M,24.00,Inactive,0,99,,No
,Burgundy 10 blazer,65.00,Active,0,100,,No
810647008259,Burgundy 10/12 LS POLO,15.95,Active,,100,,No
810647006309,Burgundy 10/12 SS POLO,13.95,Active,0,100,,No
,Burgundy 12 blazer,65.00,Active,0,100,,No
,Burgundy 14 blazer,65.00,Active,0,100,,No
810647008266,Burgundy 14/16 LS POLO,15.95,Active,,100,,No
810647006316,Burgundy 14/16 SS POLO,13.95,Active,0,100,,No
,Burgundy 16 blazer,65.00,Active,0,100,,No
,Burgundy 18 blazer,65.00,Active,0,100,,No
810647008273,Burgundy 18/20 LS POLO,15.95,Active,,100,,No
810647006323,Burgundy 18/20 SS POLO,13.95,Active,0,100,,No
,Burgundy 2/3 LS POLO,,Active,,100,,No
,Burgundy 2/3 SS POLO,13.95,Active,0,100,,No
,Burgundy 20 blazer,65.00,Active,0,100,,No
,Burgundy 2XL Fleece,32.00,Active,0,100,,No
810647008228,Burgundy 3/4 LS POLO,15.95,Active,,100,,No
810647006279,Burgundy 3/4 SS POLO,13.95,Active,0,100,,No
,Burgundy 36 blazer,65.00,Active,0,100,,No
,Burgundy 38 blazer,65.00,Active,0,100,,No
,Burgundy 40 blazer,65.00,Active,0,100,,No
,Burgundy 42 blazer,65.00,Active,0,100,,No
,Burgundy 44 plus blazer,65.00,Active,0,100,,No
810647008235,Burgundy 5/6 LS POLO,15.95,Active,,100,,No
810647006286,Burgundy 5/6 SS POLO,13.95,Active,0,100,,No
810647008242,Burgundy 7/8 LS POLO,15.95,Active,,100,,No
810647006293,Burgundy 7/8 SS POLO,13.95,Active,0,100,,No
,Burgundy Blazer 10,65.00,Inactive,0,0,,Yes
,Burgundy Blazer 12,65.00,Inactive,0,0,,Yes
,Burgundy Blazer 16,65.00,Inactive,0,0,,Yes
,Burgundy Blazer 18,65.00,Active,0,0,,Yes
,Burgundy Blazer 36,65.00,Active,0,0,,Yes
,Burgundy Boy Sweater 10/12,22.95,Active,0,0,,Yes
,Burgundy Boy Sweater 14/16,23.95,Active,0,0,,Yes
,Burgundy Boy Sweater 5/6,21.95,Active,0,0,,Yes
,Burgundy Boy Sweater SM,35.99,Active,0,0,,Yes
,Burgundy Boy Sweater YS,32.99,Active,0,0,,Yes
,Burgundy Boy Tie,8.00,Active,0,0,,Yes
,Burgundy Girl Pant 7,13.95,Inactive,0,0,,Yes
,Burgundy Girl Sweater YS,22.95,Inactive,0,0,,Yes
,Burgundy Girl Tie,8.00,Active,0,0,,Yes
,Burgundy Girls Sweater YXS,21.95,Inactive,0,0,,Yes
,Burgundy L Fleece,28.00,Active,0,100,,No
810647003308,Burgundy LG LS POLO,17.95,Active,,100,,No
810647008808,Burgundy LG SS POLO,15.95,Active,0,100,,No
,Burgundy M Fleece,28.00,Active,0,100,,No
810647003292,Burgundy MD LS POLO,17.95,Active,,100,,No
810647008792,Burgundy MD SS POLO,15.95,Active,0,100,,No
,Burgundy S Fleece,28.00,Active,0,100,,No
,Burgundy Shorts YXS,12.00,Inactive,0,0,,Yes
810647003285,Burgundy SM LS POLO,17.95,Active,,100,,No
810647008785,Burgundy SM SS POLO,15.95,Active,0,100,,No
,Burgundy Stripe Boy,8.00,Active,0,0,,Yes
,Burgundy Sweater LG,3599.00,Inactive,0,0,,Yes
,Burgundy Sweatpant SM,15.95,Inactive,0,0,,Yes
,Burgundy Sweatpant ym,15.50,Inactive,0,0,,Yes
,Burgundy Sweatpant YXS,15.50,Inactive,0,0,,Yes
,Burgundy Sweatshirt YXS,15.00,Inactive,0,0,,Yes
,Burgundy Vest 10/12,18.95,Inactive,0,0,,Yes
,Burgundy XL Fleece,28.00,Active,0,100,,No
810647003315,Burgundy XL LS POLO,17.95,Active,,100,,No
810647008815,Burgundy XL SS POLO,15.95,Active,0,100,,No
,Burgundy XS Fleece,28.00,Active,0,100,,No
810647003322,Burgundy XXL LS POLO,21.95,Active,,100,,No
810647008822,Burgundy XXL SS POLO,19.95,Active,0,100,,No
,Burgundy YL Fleece,28.00,Active,0,100,,No
,Burgundy YM Fleece,28.00,Active,0,100,,No
,Burgundy YXL Fleece,28.00,Active,0,100,,No
,Burgundy YXL Vneck Sweater,23.95,Active,0,100,,No
,Fleece Jacket,28.00,Inactive,0,0,,Yes
810647007450,Girl Black 10/12 SS POLO,13.95,Active,0,100,,No
810647007467,Girl Black 14/16 SS POLO,13.95,Active,0,100,,No
810647007474,Girl Black 18/20 SS POLO,13.95,Active,0,100,,No
,Girl Black 2/3 SS POLO,,Active,0,100,,No
810647007429,Girl Black 3/4 SS POLO,13.95,Active,0,100,,No
810647007436,Girl Black 5/6 SS POLO,13.95,Active,0,100,,No
810647007443,Girl Black 7/8 SS POLO,13.95,Active,0,100,,No
810647007337,Girl Burgundy 10/12 SS POLO,13.95,Active,0,100,,No
810647007344,Girl Burgundy 14/16 SS POLO,13.95,Active,0,100,,No
810647007351,Girl Burgundy 18/20 SS POLO,13.95,Active,0,100,,No
,Girl Burgundy 2/3 SS POLO,,Active,0,100,,No
810647007306,Girl Burgundy 3/4 SS POLO,13.95,Active,0,100,,No
810647007313,Girl Burgundy 5/6 SS POLO,13.95,Active,0,100,,No
810647007320,Girl Burgundy 7/8 SS POLO,13.95,Active,0,100,,No
810647007634,Girl Gold 10/12 SS POLO,13.95,Active,0,100,,No
810647007641,Girl Gold 14/16 SS POLO,13.95,Active,0,100,,No
810647007658,Girl Gold 18/20 SS POLO,13.95,Active,0,100,,No
,Girl Gold 2/3 SS POLO,,Active,0,100,,No
810647007603,Girl Gold 3/4 SS POLO,13.95,Active,0,100,,No
810647007610,Girl Gold 5/6 SS POLO,13.95,Active,0,100,,No
810647007627,Girl Gold 7/8 SS POLO,13.95,Active,0,100,,No
,Girl Grey 14/16 SS Polo,13.95,Inactive,0,0,,Yes
810647007511,Girl H.Grey 10/12 SS POLO,13.95,Active,0,100,,No
810647007528,Girl H.Grey 14/16 SS POLO,13.95,Active,0,100,,No
810647007535,Girl H.Grey 18/20 SS POLO,13.95,Active,0,100,,No
,Girl H.Grey 2/3 SS POLO,,Active,0,100,,No
810647007481,Girl H.Grey 3/4 SS POLO,13.95,Active,0,100,,No
810647007498,Girl H.Grey 5/6 SS POLO,13.95,Active,0,100,,No
810647007504,Girl H.Grey 7/8 SS POLO,13.95,Active,0,100,,No
810647007399,Girl HunterG 10/12 SS POLO,13.95,Active,0,100,,No
810647007405,Girl HunterG 14/16 SS POLO,13.95,Active,0,100,,No
810647007412,Girl HunterG 18/20 SS POLO,13.95,Active,0,100,,No
,Girl HunterG 2/3 SS POLO,,Active,0,100,,No
810647007368,Girl HunterG 3/4 SS POLO,13.95,Active,0,100,,No
810647007375,Girl HunterG 5/6 SS POLO,13.95,Active,0,100,,No
810647007382,Girl HunterG 7/8 SS POLO,13.95,Active,0,100,,No
,Girl Khaki Pant 5,13.50,Inactive,0,0,,Yes
810647007757,Girl Light Blue 10/12 SS POLO,13.95,Active,0,100,,No
810647007764,Girl Light Blue 14/16 SS POLO,13.95,Active,0,100,,No
810647007771,Girl Light Blue 18/20 SS POLO,13.95,Active,0,100,,No
,Girl Light Blue 2/3 SS POLO,,Active,0,100,,No
810647007726,Girl Light Blue 3/4 SS POLO,13.95,Active,0,100,,No
810647007733,Girl Light Blue 5/6 SS POLO,13.95,Active,0,100,,No
810647007740,Girl Light Blue 7/8 SS POLO,13.95,Active,0,100,,No
810647007153,Girl Navy 10/12 SS POLO,13.95,Active,0,100,,No
810647007160,Girl Navy 14/16 SS POLO,13.95,Active,0,100,,No
810647007177,Girl Navy 18/20 SS POLO,13.95,Active,0,100,,No
,Girl Navy 2/3 SS POLO,,Active,0,100,,No
810647007122,Girl Navy 3/4 SS POLO,13.95,Active,0,100,,No
810647007139,Girl Navy 5/6 SS POLO,13.95,Active,0,100,,No
810647007146,Girl Navy 7/8 SS POLO,13.95,Active,0,100,,No
810647013093,Girl Pink 10/12 SS POLO,13.95,Active,0,100,,No
810647013109,Girl Pink 14/16 SS POLO,13.95,Active,0,100,,No
810647013116,Girl Pink 18/20 SS POLO,13.95,Active,0,100,,No
,Girl Pink 2/3 SS POLO,,Active,0,100,,No
810647013062,Girl Pink 3/4 SS POLO,13.95,Active,0,100,,No
810647013079,Girl Pink 5/6 SS POLO,13.95,Active,0,100,,No
810647013086,Girl Pink 7/8 SS POLO,13.95,Active,0,100,,No
810647007573,Girl Purple 10/12 SS POLO,13.95,Active,0,100,,No
810647007580,Girl Purple 14/16 SS POLO,13.95,Active,0,100,,No
810647007597,Girl Purple 18/20 SS POLO,13.95,Active,0,100,,No
,Girl Purple 2/3 SS POLO,,Active,0,100,,No
810647007542,Girl Purple 3/4 SS POLO,13.95,Active,0,100,,No
810647007559,Girl Purple 5/6 SS POLO,13.95,Active,0,100,,No
810647007566,Girl Purple 7/8 SS POLO,13.95,Active,0,100,,No
810647007214,Girl Red 10/12 SS POLO,13.95,Active,0,100,,No
810647007221,Girl Red 14/16 SS POLO,13.95,Active,0,100,,No
810647007238,Girl Red 18/20 SS POLO,13.95,Active,0,100,,No
,Girl Red 2/3 SS POLO,,Active,0,100,,No
810647007184,Girl Red 3/4 SS POLO,13.95,Active,0,100,,No
810647007191,Girl Red 5/6 SS POLO,13.95,Active,0,100,,No
810647007207,Girl Red 7/8 SS POLO,13.95,Active,0,100,,No
810647007276,Girl Royal Blue 10/12 SS POLO,13.95,Active,0,100,,No
810647007283,Girl Royal Blue 14/16 SS POLO,13.95,Active,0,100,,No
810647007290,Girl Royal Blue 18/20 SS POLO,13.95,Active,0,100,,No
,Girl Royal Blue 2/3 SS POLO,,Active,0,100,,No
810647007245,Girl Royal Blue 3/4 SS POLO,13.95,Active,0,100,,No
810647007252,Girl Royal Blue 5/6 SS POLO,13.95,Active,0,100,,No
810647007269,Girl Royal Blue 7/8 SS POLO,13.95,Active,0,100,,No
810647007092,Girl White 10/12 SS POLO,13.95,Active,0,100,,No
810647007108,Girl White 14/16 SS POLO,13.95,Active,0,100,,No
810647007115,Girl White 18/20 SS POLO,13.95,Active,0,100,,No
,Girl White 2/3 SS POLO,,Active,0,100,,No
810647005814,Girl White 3/4 SS POLO,13.95,Active,0,100,,No
810647007078,Girl White 5/6 SS POLO,13.95,Active,0,100,,No
810647007085,Girl White 7/8 SS POLO,13.95,Active,0,100,,No
810647007696,Girl Yellow 10/12 SS POLO,13.95,Active,0,100,,No
810647007702,Girl Yellow 14/16 SS POLO,13.95,Active,0,100,,No
810647007719,Girl Yellow 18/20 SS POLO,13.95,Active,0,100,,No
,Girl Yellow 2/3 SS POLO,,Active,0,100,,No
810647007665,Girl Yellow 3/4 SS POLO,13.95,Active,0,100,,No
810647007672,Girl Yellow 5/6 SS POLO,13.95,Active,0,100,,No
810647007689,Girl Yellow 7/8 SS POLO,13.95,Active,0,100,,No
,Girls Bur Pants 8,15.50,Inactive,0,0,,Yes
,Girls Kahki Pant 13,19.50,Inactive,0,0,,Yes
,Girls Khaki Pant 15,19.50,Inactive,0,0,,Yes
,Girls Navy Sweater 6,21.95,Inactive,0,30,,No
,Girls Pants 8,15.50,Inactive,0,100,,No
810647006804,Gold 10/12 LS POLO,15.95,Active,,100,,No
810647006583,Gold 10/12 SS POLO,13.95,Active,0,100,,No
810647006811,Gold 14/16 LS POLO,15.95,Active,,100,,No
810647006590,Gold 14/16 SS POLO,13.95,Active,0,100,,No
810647006828,Gold 18/20 LS POLO,15.95,Active,,100,,No
810647006606,Gold 18/20 SS POLO,13.95,Active,0,100,,No
,Gold 2/3 LS POLO,,Active,,100,,No
,Gold 2/3 SS POLO,13.95,Active,0,100,,No
810647006774,Gold 3/4 LS POLO,15.95,Active,,100,,No
810647006552,Gold 3/4 SS POLO,13.95,Active,0,100,,No
810647006781,Gold 5/6 LS POLO,15.95,Active,,100,,No
810647006569,Gold 5/6 SS POLO,13.95,Active,0,100,,No
810647006798,Gold 7/8 LS POLO,15.95,Active,,100,,No
810647006576,Gold 7/8 SS POLO,13.95,Active,0,100,,No
810647003704,Gold LG LS POLO,17.95,Active,,100,,No
810647005197,Gold LG SS POLO,15.95,Active,0,100,,No
810647003698,Gold MD LS POLO,17.95,Active,,100,,No
810647005180,Gold MD SS POLO,15.95,Active,0,100,,No
810647003681,Gold SM LS POLO,17.95,Active,,100,,No
810647005173,Gold SM SS POLO,15.95,Active,0,100,,No
810647003711,Gold XL LS POLO,17.95,Active,,100,,No
810647005203,Gold XL SS POLO,15.95,Active,0,100,,No
810647003728,Gold XXL LS POLO,21.95,Active,,100,,No
810647005210,Gold XXL SS POLO,19.95,Active,0,100,,No
,Gray Boys Pants,13.50,Inactive,0,0,,Yes
,Gray Boys Pants 5,0.00,Inactive,0,0,,Yes
,Gray Sweat Pant XS,15.50,Inactive,0,0,,Yes
,Gray Sweat Pant YM,15.50,Inactive,0,0,,Yes
,Gray Sweat Shirt YS,15.00,Inactive,0,0,,Yes
,Gray T-Shirt YM,8.00,Inactive,0,0,,Yes
,Green 14/16 LS Polo,15.95,Inactive,0,0,,Yes
,Green 2XL Fleece,28.00,Active,0,100,,No
,Green 5/6 LS Polo.,15.95,Inactive,0,100,,No
,Green 7/8 LS Polo,15.95,Inactive,0,0,,Yes
,Green AS S-S,15.95,Inactive,0,100,,No
,Green L Fleece,28.00,Active,0,100,,No
,Green L-S Polo 18/20,15.95,Inactive,0,100,,No
,Green LS 5/6 Polo,15.95,Inactive,0,0,,Yes
,Green M Fleece,28.00,Active,0,100,,No
,Green Polo Am,15.95,Active,0,0,,Yes
,Green S Fleece,28.00,Active,0,100,,No
,Green S-S Polo 18/20 ,13.95,Inactive,0,100,,No
,Green Sweat Pant YXL,15.50,Inactive,0,0,,Yes
,Green XL Fleece,28.00,Active,0,100,,No
,Green XS Fleece,28.00,Active,0,100,,No
,Green YL Fleece,28.00,Active,0,100,,No
,Green YM Fleece,28.00,Active,0,100,,No
,Green YS Fleece,28.00,Active,0,100,,No
,Green YXL Fleece,28.00,Active,0,100,,No
,Grey 2XL Fleece,32.00,Active,0,100,,No
,Grey AM Fleece  ,28.00,Active,0,99,,No
,Grey L Fleece,28.00,Active,0,100,,No
,Grey M Fleece,28.00,Active,0,100,,No
,Grey S Fleece,28.00,Active,0,100,,No
,Grey Sweat Pants,0.00,Active,0,0,,Yes
,Grey Sweat Pants YS,15.50,Inactive,0,100,,No
,Grey T-Shirt AS,10.00,Inactive,0,96,,No
,Grey T-Shirt AS SS,0.00,Inactive,0,0,,Yes
,Grey T-Shirt ys,0.00,Inactive,0,0,,Yes
,GREY T-shirts,8.00,Active,0,0,,Yes
,Grey XL Fleece,28.00,Active,0,100,,No
,Grey XS Fleece,28.00,Active,0,100,,No
,Grey YL Fleece,28.00,Active,0,100,,No
,Grey YM Fleece,28.00,Active,0,100,,No
,Grey YXL Fleece,28.00,Active,0,100,,No
810647006682,H.Grey 10/12 LS POLO,15.95,Active,,100,,No
810647006491,H.Grey 10/12 SS POLO,13.95,Active,0,100,,No
810647006699,H.Grey 14/16 LS POLO,15.95,Active,,100,,No
810647006507,H.Grey 14/16 SS POLO,13.95,Active,0,100,,No
810647006705,H.Grey 18/20 LS POLO,15.95,Active,,100,,No
810647006514,H.Grey 18/20 SS POLO,13.95,Active,0,100,,No
,H.Grey 2/3 LS POLO,,Active,,100,,No
,H.Grey 2/3 SS POLO,13.95,Active,0,100,,No
810647006651,H.Grey 3/4 LS POLO,15.95,Active,,100,,No
810647006460,H.Grey 3/4 SS POLO,13.95,Active,0,100,,No
810647006668,H.Grey 5/6 LS POLO,15.95,Active,,100,,No
810647006477,H.Grey 5/6 SS POLO,13.95,Active,0,100,,No
810647006675,H.Grey 7/8 LS POLO,15.95,Active,,100,,No
810647006484,H.Grey 7/8 SS POLO,13.95,Active,0,100,,No
810647003544,H.Grey LG LS POLO,17.95,Active,,100,,No
810647005630,H.Grey LG SS POLO,15.95,Active,0,100,,No
810647003537,H.Grey MD LS POLO,17.95,Active,,100,,No
810647005623,H.Grey MD SS POLO,15.95,Active,0,100,,No
810647003520,H.Grey SM LS POLO,17.95,Active,,100,,No
810647005616,H.Grey SM SS POLO,15.95,Active,0,100,,No
810647003551,H.Grey XL LS POLO,17.95,Active,,100,,No
810647005647,H.Grey XL SS POLO,15.95,Active,0,100,,No
810647003568,H.Grey XXL LS POLO,21.95,Active,,100,,No
810647005777,H.Grey XXL SS POLO,19.95,Active,0,100,,No
,HGrey 2XL Short,15.00,Active,0,100,,No
,HGrey 2XL Sweatpant,19.00,Active,0,100,,No
,HGrey 2XL Sweatshirt,18.00,Active,0,100,,No
,HGrey 2XL T-shirt,12.00,Active,0,100,,No
,HGrey L Short,13.00,Active,0,100,,No
,HGrey L Sweatpant,16.00,Active,0,100,,No
,HGrey L Sweatshirt,15.00,Active,0,100,,No
,HGrey L T-shirt,9.00,Active,0,100,,No
,HGrey M Short,13.00,Active,0,100,,No
,HGrey M Sweatpant,16.00,Active,0,100,,No
,HGrey M Sweatshirt,15.00,Active,0,100,,No
,HGrey M T-shirt,9.00,Active,0,100,,No
,HGrey S Short,13.00,Active,0,100,,No
,HGrey S Sweatpant,16.00,Active,0,100,,No
,HGrey S Sweatshirt,15.00,Active,0,100,,No
,HGrey S T-shirt,9.00,Active,0,100,,No
,HGrey XL Short,13.00,Active,0,100,,No
,HGrey XL Sweatpant,16.00,Active,0,100,,No
,HGrey XL Sweatshirt,15.00,Active,0,100,,No
,HGrey XL T-shirt,9.00,Active,0,100,,No
,HGrey YL Short,13.00,Active,0,100,,No
,HGrey YL Sweatpant,16.00,Active,0,100,,No
,HGrey YL Sweatshirt,15.00,Active,0,100,,No
,HGrey YL T-shirt,9.00,Active,0,100,,No
,HGrey YM Short,13.00,Active,0,100,,No
,HGrey YM Sweatpant,16.00,Active,0,100,,No
,HGrey YM Sweatshirt,15.00,Active,0,100,,No
,HGrey YM T-shirt,9.00,Active,0,100,,No
,HGrey YS Short,13.00,Active,0,100,,No
,HGrey YS Sweatpant,16.00,Active,0,100,,No
,HGrey YS Sweatshirt,15.00,Active,0,100,,No
,HGrey YS T-shirt,9.00,Active,0,100,,No
,HGrey YXL Short,13.00,Active,0,100,,No
,HGrey YXL Sweatpant,16.00,Active,0,100,,No
,HGrey YXL Sweatshirt,15.00,Active,0,100,,No
,HGrey YXL T-shirt,9.00,Active,0,100,,No
,HGrey YXS Sweatpant,16.00,Active,0,100,,No
,HGrey YXS Sweatshirt,15.00,Active,0,100,,No
,HGrey YXS T-shirt,9.00,Active,0,100,,No
810647008310,HunterG 10/12 LS POLO,15.95,Active,,100,,No
810647006361,HunterG 10/12 SS POLO,13.95,Active,0,100,,No
810647008327,HunterG 14/16 LS POLO,15.95,Active,,100,,No
810647006378,HunterG 14/16 SS POLO,13.95,Active,0,100,,No
810647006613,HunterG 18/20 LS POLO,15.95,Active,,100,,No
810647006385,HunterG 18/20 SS POLO,13.95,Active,0,100,,No
,HunterG 2/3 LS POLO,,Active,,100,,No
,HunterG 2/3 SS POLO,13.95,Active,0,100,,No
810647008280,HunterG 3/4 LS POLO,15.95,Active,,100,,No
810647006330,HunterG 3/4 SS POLO,13.95,Active,0,100,,No
810647008297,HunterG 5/6 LS POLO,15.95,Active,,99,,No
810647006347,HunterG 5/6 SS POLO,13.95,Active,0,99,,No
810647008303,HunterG 7/8 LS POLO,15.95,Active,,98,,No
810647006354,HunterG 7/8 SS POLO,13.95,Active,0,95,,No
,HunterG Fleece 6/8,28.00,Inactive,0,0,,Yes
810647003384,HunterG LG LS POLO,17.95,Active,,100,,No
810647009027,HunterG LG SS POLO,15.95,Active,0,100,,No
810647003377,HunterG MD LS POLO,17.95,Active,,100,,No
810647009010,HunterG MD SS POLO,15.95,Active,0,96,,No
810647003360,HunterG SM LS POLO,17.95,Active,,100,,No
810647009003,HunterG SM SS POLO,15.95,Active,0,98,,No
810647003391,HunterG XL LS POLO,17.95,Active,,100,,No
810647009034,HunterG XL SS POLO,15.95,Active,0,100,,No
810647003407,HunterG XXL LS POLO,21.95,Active,,100,,No
810647009041,HunterG XXL SS POLO,19.95,Active,0,100,,No
810647009447,Juniors Black LG SS POLO,15.95,Active,0,100,,No
810647009430,Juniors Black MD SS POLO,15.95,Active,0,100,,No
810647009423,Juniors Black SM SS POLO,15.95,Active,0,100,,No
810647009454,Juniors Black XL SS POLO,15.95,Active,0,100,,No
810647009461,Juniors Black XXL SS POLO,19.95,Active,0,100,,No
810647009942,Juniors Burgundy LG SS POLO,15.95,Active,0,100,,No
810647009935,Juniors Burgundy MD SS POLO,15.95,Active,0,100,,No
810647009928,Juniors Burgundy SM SS POLO,15.95,Active,0,100,,No
810647009959,Juniors Burgundy XL SS POLO,15.95,Active,0,100,,No
810647009966,Juniors Burgundy XXL SS POLO,19.95,Active,0,100,,No
810647009744,Juniors Gold LG SS POLO,15.95,Active,0,100,,No
810647009737,Juniors Gold MD SS POLO,15.95,Active,0,100,,No
810647009720,Juniors Gold SM SS POLO,15.95,Active,0,100,,No
810647009751,Juniors Gold XL SS POLO,15.95,Active,0,100,,No
810647009768,Juniors Gold XXL SS POLO,19.95,Active,0,100,,No
810647009560,Juniors H.Grey LG SS POLO,15.95,Active,0,100,,No
810647009492,Juniors H.Grey MD SS POLO,15.95,Active,0,100,,No
810647009485,Juniors H.Grey SM SS POLO,15.95,Active,0,100,,No
810647009577,Juniors H.Grey XL SS POLO,15.95,Active,0,100,,No
810647009584,Juniors H.Grey XXL SS POLO,19.95,Active,0,100,,No
810647009324,Juniors HunterG LG SS POLO,15.95,Active,0,100,,No
810647009317,Juniors HunterG MD SS POLO,15.95,Active,0,100,,No
810647009300,Juniors HunterG SM SS POLO,15.95,Active,0,100,,No
810647009331,Juniors HunterG XL SS POLO,15.95,Active,0,100,,No
810647009348,Juniors HunterG XXL SS POLO,19.95,Active,0,100,,No
810647009980,Juniors Light Blue LG SS POLO,15.95,Active,0,100,,No
810647009911,Juniors Light Blue MD SS POLO,15.95,Active,0,100,,No
810647009904,Juniors Light Blue SM SS POLO,15.95,Active,0,100,,No
810647009997,Juniors Light Blue XL SS POLO,15.95,Active,0,100,,No
810647002332,Juniors Light Blue XXL SS POLO,19.95,Active,0,100,,No
810647009522,Juniors Navy LG SS POLO,15.95,Active,0,100,,No
810647009515,Juniors Navy MD SS POLO,15.95,Active,0,100,,No
810647009508,Juniors Navy SM SS POLO,15.95,Active,0,96,,No
810647009539,Juniors Navy XL SS POLO,15.95,Active,0,100,,No
810647009546,Juniors Navy XXL SS POLO,19.95,Active,0,100,,No
810647013147,Juniors Pink LG SS POLO,15.95,Active,0,100,,No
810647013130,Juniors Pink MD SS POLO,15.95,Active,0,100,,No
810647013123,Juniors Pink SM SS POLO,15.95,Active,0,100,,No
810647013154,Juniors Pink XL SS POLO,15.95,Active,0,100,,No
810647013161,Juniors Pink XXL SS POLO,19.95,Active,0,100,,No
810647009621,Juniors Purple LG SS POLO,15.95,Active,0,100,,No
810647009614,Juniors Purple MD SS POLO,15.95,Active,0,100,,No
810647009607,Juniors Purple SM SS POLO,15.95,Active,0,100,,No
810647009638,Juniors Purple XL SS POLO,15.95,Active,0,100,,No
810647009706,Juniors Purple XXL SS POLO,19.95,Active,0,100,,No
810647009669,Juniors Red LG SS POLO,15.95,Active,0,100,,No
810647009652,Juniors Red MD SS POLO,15.95,Active,0,100,,No
810647009645,Juniors Red SM SS POLO,15.95,Active,0,100,,No
810647009676,Juniors Red XL SS POLO,15.95,Active,0,100,,No
810647009683,Juniors Red XXL SS POLO,19.95,Active,0,100,,No
810647009805,Juniors Royal Blue LG SS POLO,15.95,Active,0,100,,No
810647009799,Juniors Royal Blue MD SS POLO,15.95,Active,0,100,,No
810647009782,Juniors Royal Blue SM SS POLO,15.95,Active,0,100,,No
810647009812,Juniors Royal Blue XL SS POLO,15.95,Active,0,100,,No
810647009829,Juniors Royal Blue XXL SS POLO,19.95,Active,0,100,,No
810647009386,Juniors White LG SS POLO,15.95,Active,0,100,,No
810647009379,Juniors White MD SS POLO,15.95,Active,0,100,,No
810647009362,Juniors White SM SS POLO,15.95,Active,0,100,,No
810647009393,Juniors White XL SS POLO,15.95,Active,0,100,,No
810647009409,Juniors White XXL SS POLO,19.95,Active,0,100,,No
810647009867,Juniors Yellow LG SS POLO,15.95,Active,0,100,,No
810647009850,Juniors Yellow MD SS POLO,15.95,Active,0,100,,No
810647009843,Juniors Yellow SM SS POLO,15.95,Active,0,100,,No
810647009874,Juniors Yellow XL SS POLO,15.95,Active,0,100,,No
810647009881,Juniors Yellow XXL SS POLO,19.95,Active,0,100,,No
,khaki pants,13.50,Active,0,0,,Yes
,Khaki Scooter 5,11.95,Inactive,0,0,,Yes
,L-B Oxford Ls AL,21.95,Inactive,0,0,,Yes
,L-B Oxford LS AM,21.95,Inactive,0,0,,Yes
,L-B Oxford LS AM.,21.95,Inactive,0,30,,No
,L-B Oxford SS 16,16.95,Inactive,0,0,,Yes
,L-B Oxford ss 20 ,18.95,Inactive,0,0,,Yes
,L-B Oxford ss AL,19.95,Inactive,0,100,,No
,L-B Oxford SS AM,19.95,Inactive,0,0,,Yes
,L-B Oxford SS AM.,12.95,Inactive,0,30,,No
,L-s Polo Black,15.95,Inactive,0,0,,Yes
,Ladies F. Blue 2XL LS Oxford,32.00,Active,0,100,,No
,Ladies F. Blue 2XL SS Oxford,32.00,Active,0,100,,No
,Ladies F. Blue LG LS Oxford,29.00,Active,0,100,,No
,Ladies F. Blue LG SS Oxford,29.00,Active,0,100,,No
,Ladies F. Blue MD LS Oxford,29.00,Active,0,100,,No
,Ladies F. Blue MD SS Oxford,29.00,Active,0,100,,No
,Ladies F. Blue SM LS Oxford,29.00,Active,0,100,,No
,Ladies F. Blue SM SS Oxford,29.00,Active,0,100,,No
,Ladies F. Blue XL LS Oxford,29.00,Active,0,100,,No
,Ladies F. Blue XL SS Oxford,29.00,Active,0,100,,No
,Ladies F. Blue XS LS Oxford,29.00,Active,0,100,,No
,Ladies F. Blue XS SS Oxford,29.00,Active,0,100,,No
,Ladies Maize 2XL LS Twill,32.00,Active,0,100,,No
,Ladies Maize 2XL SS Twill,32.00,Active,0,100,,No
,Ladies Maize LG LS Twill,29.00,Active,0,100,,No
,Ladies Maize LG SS Twill,29.00,Active,0,100,,No
,Ladies Maize MD LS Twill,29.00,Active,0,100,,No
,Ladies Maize MD SS Twill,29.00,Active,0,100,,No
,Ladies Maize SM LS Twill,29.00,Active,0,100,,No
,Ladies Maize SM SS Twill,29.00,Active,0,100,,No
,Ladies Maize XL LS Twill,29.00,Active,0,100,,No
,Ladies Maize XL SS Twill,29.00,Active,0,100,,No
,Ladies Maize XS LS Twill,29.00,Active,0,100,,No
,Ladies Maize XS SS Twill,29.00,Active,0,100,,No
810647006927,Light blue 10/12 LS POLO,15.95,Active,,100,,No
810647008426,Light blue 10/12 SS POLO,13.95,Active,0,100,,No
810647006934,Light blue 14/16 LS POLO,15.95,Active,,100,,No
810647008436,Light blue 14/16 SS POLO,13.95,Active,0,100,,No
810647006941,Light blue 18/20 LS POLO,15.95,Active,,100,,No
810647008440,Light blue 18/20 SS POLO,13.95,Active,0,100,,No
,Light blue 2/3 LS POLO,,Active,,100,,No
,Light blue 2/3 SS POLO,13.95,Active,0,100,,No
810647006897,Light blue 3/4 LS POLO,15.95,Active,,100,,No
810647008396,Light blue 3/4 SS POLO,13.95,Active,0,100,,No
810647006903,Light blue 5/6 LS POLO,15.95,Active,,100,,No
810647008402,Light blue 5/6 SS POLO,13.95,Active,0,100,,No
810647006910,Light blue 7/8 LS POLO,15.95,Active,,100,,No
810647008419,Light blue 7/8 SS POLO,13.95,Active,0,100,,No
810647003865,Light blue LG LS POLO,17.95,Active,,100,,No
810647005432,Light blue LG SS POLO,15.95,Active,0,100,,No
810647003858,Light blue MD LS POLO,17.95,Active,,100,,No
810647005425,Light blue MD SS POLO,15.95,Active,0,100,,No
,Light Blue Oxford LS 16,18.95,Inactive,0,0,,Yes
,Light Blue Oxford LS AS,21.95,Inactive,0,30,,No
,Light Blue Oxford LS LG,21.95,Inactive,0,0,,Yes
,Light Blue Oxford SS 16,16.95,Inactive,0,0,,Yes
,Light Blue Oxford SS AS,19.95,Inactive,0,30,,No
,Light Blue Oxford SS LG,19.95,Inactive,0,0,,Yes
810647003841,Light blue SM LS POLO,17.95,Active,,100,,No
810647005418,Light blue SM SS POLO,15.95,Active,0,100,,No
810647003872,Light blue XL LS POLO,17.95,Active,,100,,No
810647005449,Light blue XL SS POLO,15.95,Active,0,100,,No
810647003889,Light blue XXL LS POLO,21.95,Active,,100,,No
810647005456,Light blue XXL SS POLO,19.95,Active,0,100,,No
,Men F. Blue 2XL LS Oxford,32.00,Active,0,100,,No
,Men F. Blue 2XL LS Twill,32.00,Active,0,100,,No
,Men F. Blue 2XL SS Oxford,32.00,Active,0,100,,No
,Men F. Blue 2XL SS Twill,32.00,Active,0,100,,No
,Men F. Blue LG LS Oxford,29.00,Active,0,100,,No
,Men F. Blue LG LS Twill,29.00,Active,0,100,,No
,Men F. Blue LG SS Oxford,29.00,Active,0,100,,No
,Men F. Blue LG SS Twill,29.00,Active,0,100,,No
,Men F. Blue MD LS Oxford,29.00,Active,0,100,,No
,Men F. Blue MD LS Twill,29.00,Active,0,100,,No
,Men F. Blue MD SS Oxford,29.00,Active,0,100,,No
,Men F. Blue MD SS Twill,29.00,Active,0,100,,No
,Men F. Blue SM LS Oxford,29.00,Active,0,100,,No
,Men F. Blue SM LS Twill,29.00,Active,0,100,,No
,Men F. Blue SM SS Oxford,29.00,Active,0,100,,No
,Men F. Blue SM SS Twill,29.00,Active,0,100,,No
,Men F. Blue XL LS Oxford,29.00,Active,0,100,,No
,Men F. Blue XL LS Twill,29.00,Active,0,100,,No
,Men F. Blue XL SS Oxford,29.00,Active,0,100,,No
,Men F. Blue XL SS Twill,29.00,Active,0,100,,No
,Men F. Blue XS LS Oxford,29.00,Active,0,100,,No
,Men F. Blue XS LS Twill,29.00,Active,0,100,,No
,Men F. Blue XS SS Oxford,29.00,Active,0,100,,No
,Men F. Blue XS SS Twill,29.00,Active,0,100,,No
,Men Kahki Pant 28-32,18.50,Inactive,0,0,,Yes
,Men Maize 2XL LS Twill,32.00,Active,0,100,,No
,Men Maize 2XL SS Twill,32.00,Active,0,100,,No
,Men Maize LG LS Twill,29.00,Active,0,100,,No
,Men Maize LG SS Twill,29.00,Active,0,100,,No
,Men Maize MD LS Twill,29.00,Active,0,100,,No
,Men Maize MD SS Twill,29.00,Active,0,100,,No
,Men Maize SM LS Twill,29.00,Active,0,100,,No
,Men Maize SM SS Twill,29.00,Active,0,100,,No
,Men Maize XL LS Twill,29.00,Active,0,100,,No
,Men Maize XL SS Twill,29.00,Active,0,100,,No
,Men Maize XS LS Twill,29.00,Active,0,100,,No
,Men Maize XS SS Twill,29.00,Active,0,100,,No
,Name,4.00,Active,0,0,,Yes
,Navy  Sweater Vest 10,18.95,Inactive,0,0,,Yes
,Navy 10 blazer,65.00,Active,0,100,,No
810647008044,Navy 10/12 LS POLO,15.95,Active,,100,,No
810647006101,Navy 10/12 SS POLO,13.95,Active,0,79,,No
,Navy 12 blazer,65.00,Active,0,100,,No
,Navy 14 blazer,65.00,Active,0,100,,No
810647008051,Navy 14/16 LS POLO,15.95,Active,,100,,No
810647006118,Navy 14/16 SS POLO,13.95,Active,0,100,,No
,Navy 16 blazer,65.00,Active,0,100,,No
,Navy 18 blazer,65.00,Active,0,100,,No
810647008068,Navy 18/20 LS POLO,15.95,Active,,100,,No
810647006125,Navy 18/20 SS POLO,13.95,Active,0,100,,No
,Navy 2/3 LS POLO,,Active,,100,,No
810647006061,Navy 2/3 SS POLO,13.95,Active,0,100,,No
,Navy 20 blazer,65.00,Active,0,100,,No
,Navy 2XL Fleece,28.00,Active,0,100,,No
,Navy 2XL Sweatpant,19.00,Active,0,100,,No
,Navy 2XL Sweatshirt,18.00,Active,0,100,,No
,Navy 2XL T-shirt,12.00,Active,0,100,,No
810647008013,Navy 3/4 LS POLO,15.95,Active,,100,,No
810647006071,Navy 3/4 SS POLO,13.95,Active,0,100,,No
,Navy 36 blazer,65.00,Active,0,100,,No
,Navy 38 blazer,65.00,Active,0,100,,No
,Navy 40 blazer,65.00,Active,0,100,,No
,Navy 42 Blazer,65.00,Active,0,0,,Yes
,Navy 44 plus blazer,65.00,Active,0,100,,No
810647008020,Navy 5/6 LS POLO,15.95,Active,,99,,No
,Navy 5/6 LS polo.,15.95,Inactive,0,100,,No
810647006088,Navy 5/6 SS POLO,13.95,Active,0,95,,No
810647008037,Navy 7/8 LS POLO,15.95,Active,,100,,No
810647006095,Navy 7/8 SS POLO,13.95,Active,0,96,,No
,Navy Blazer 46,60.00,Inactive,0,0,,Yes
,Navy Blazer20,65.00,Inactive,0,30,,No
,Navy Boy Sweater 14/16,23.95,Inactive,0,0,,Yes
,Navy Fleece,28.00,Inactive,0,0,,Yes
,Navy Fleece 18/20,28.00,Inactive,0,0,,Yes
,Navy Fleece AM,28.00,Inactive,0,99,,No
,Navy Fleece SM,28.00,Inactive,0,0,,Yes
,Navy Fleece XL,28.00,Inactive,0,0,,Yes
,Navy Fleece YS,28.00,Inactive,0,0,,Yes
,Navy Girl Sweater 10/12,22.95,Inactive,0,0,,Yes
,Navy Girl Sweater 14/16,23.95,Inactive,0,0,,Yes
,Navy Girl Sweater 7/8,22.95,Inactive,0,0,,Yes
,Navy L Fleece,28.00,Inactive,0,100,,No
,Navy L Sweatpant,16.00,Active,0,100,,No
,Navy L Sweatshirt,15.00,Active,0,100,,No
,Navy L T-shirt,9.00,Active,0,100,,No
810647003001,Navy LG LS POLO,17.95,Active,,100,,No
810647005272,Navy LG SS POLO,15.95,Active,0,100,,No
,Navy M Fleece,28.00,Active,0,100,,No
,Navy M Sweatpant,16.00,Active,0,100,,No
,Navy M Sweatshirt,15.00,Active,0,100,,No
,Navy M T-shirt,9.00,Active,0,100,,No
810647002998,Navy MD LS POLO,17.95,Active,,100,,No
810647005265,Navy MD SS POLO,15.95,Active,0,98,,No
,Navy S Fleece,28.00,Active,0,100,,No
,Navy S Sweatpant,16.00,Active,0,100,,No
,Navy S Sweatshirt,15.00,Active,0,100,,No
,Navy S T-shirt,9.00,Active,0,100,,No
,Navy S-S 10/12,13.95,Inactive,0,100,,No
810647002981,Navy SM LS POLO,17.95,Active,,100,,No
810647005258,Navy SM SS POLO,15.95,Active,0,94,,No
,Navy Sweatpamts,15.50,Inactive,0,0,,Yes
,Navy Sweatpant YXXS,15.50,Inactive,0,0,,Yes
,Navy Sweatshirt,15.00,Inactive,0,0,,Yes
,Navy Sweatshirt YL,15.00,Inactive,0,0,,Yes
,Navy T-Shirt ys,8.00,Inactive,0,100,,No
,Navy T-Shirt YXS,8.00,Inactive,0,0,,Yes
,Navy XL Fleece,28.00,Active,0,100,,No
810647003018,Navy XL LS POLO,17.95,Active,,100,,No
810647005289,Navy XL SS POLO,15.95,Active,0,100,,No
,Navy XL Sweatpant,16.00,Active,0,100,,No
,Navy XL Sweatshirt,15.00,Active,0,100,,No
,Navy XL T-shirt,9.00,Active,0,100,,No
,Navy XS Fleece,28.00,Active,0,100,,No
810647003025,Navy XXL LS POLO,21.95,Active,,100,,No
810647005654,Navy XXL SS POLO,19.95,Active,0,100,,No
,Navy YL Fleece,28.00,Active,0,100,,No
,Navy YL Sweatpant,16.00,Active,0,100,,No
,Navy YL Sweatshirt,15.00,Active,0,100,,No
,Navy YL T-shirt,9.00,Active,0,100,,No
,Navy YM Fleece,28.00,Active,0,100,,No
,Navy YM Sweatpant,16.00,Active,0,100,,No
,Navy YM Sweatshirt,15.00,Active,0,100,,No
,Navy YM T-shirt,9.00,Active,0,100,,No
,Navy YS Fleece,28.00,Active,0,100,,No
,Navy YS Sweatpant,16.00,Active,0,100,,No
,Navy YS Sweatshirt,15.00,Active,0,100,,No
,Navy YS T-shirt,9.00,Active,0,100,,No
,Navy YXL Fleece,28.00,Active,0,100,,No
,Navy YXL Sweatpant,16.00,Active,0,100,,No
,Navy YXL Sweatshirt,15.00,Active,0,100,,No
,Navy YXL T-shirt,9.00,Active,0,100,,No
,Navy YXS Sweatpant,16.00,Active,0,100,,No
,Navy YXS Sweatshirt,15.00,Active,0,100,,No
,Navy YXS T-shirt,9.00,Active,0,100,,No
,Nvy 10/12 FT Girl Sweater,22.95,Active,0,100,,No
,Nvy 10/12 FT Vest,18.95,Active,0,100,,No
,Nvy 10/12 FT Vneck Sweater,22.95,Active,0,100,,No
,Nvy 14/16 FT Girl Sweater,23.95,Active,0,100,,No
,Nvy 14/16 FT Vest,19.95,Active,0,100,,No
,Nvy 14/16 FT Vneck Sweater,23.95,Active,0,98,,No
,Nvy 18/20 FT Girl Sweater,23.95,Active,0,100,,No
,Nvy 18/20 FT Vest,19.95,Active,0,100,,No
,Nvy 18/20 FT Vneck Sweater,23.95,Active,0,100,,No
,Nvy 4 FT Girl Sweater,21.95,Active,0,100,,No
,Nvy 4 FT Vest,17.95,Active,0,100,,No
,Nvy 4 FT Vneck Sweater,21.95,Active,0,100,,No
,Nvy 5 FT Girl Sweater,21.95,Active,0,100,,No
,Nvy 5 FT Vest,17.95,Active,0,100,,No
,Nvy 5 FT Vneck Sweater,21.95,Active,0,100,,No
,Nvy 6 FT Girl Sweater,21.95,Active,0,100,,No
,Nvy 6 FT Vest,17.95,Active,0,100,,No
,Nvy 6 FT Vneck Sweater,21.95,Active,0,100,,No
,Nvy 6X FT Girl Sweater,21.95,Active,0,100,,No
,Nvy 7 FT Girl Sweater,22.95,Active,0,100,,No
,Nvy 7 FT Vest,18.95,Active,0,100,,No
,Nvy 7 FT Vneck Sweater,22.95,Active,0,100,,No
,Nvy 8 FT Girl Sweater,22.95,Active,0,100,,No
,Nvy 8 FT Vest,18.95,Active,0,100,,No
,Nvy 8 FT Vneck Sweater,22.95,Active,0,100,,No
,Oxfoed SS Yellow XS,29.95,Inactive,0,30,,No
,Oxford ,29.99,Inactive,0,100,,No
,Oxford Lt. Blue L/S AS,18.95,Inactive,0,98,,No
,oxford s-s white AxL,19.95,Inactive,0,100,,No
,Oxford SS,29.99,Inactive,0,100,,No
,Oxford ss L-B AxL,19.95,Inactive,0,100,,No
,Oxford SS light blue 16,16.95,Inactive,0,50,,No
,Oxford SS light blue XS,29.95,Inactive,0,10,,No
,Oxford SS White 16,16.95,Inactive,0,14,,No
,Oxford SS White AS,19.95,Inactive,0,0,,Yes
,Peter Pan LS 8,10.95,Inactive,0,100,,No
,Peter Pan SS YS,9.95,Inactive,0,0,,Yes
810647006743,Purple 10/12 LS POLO,15.95,Active,,100,,No
810647006521,Purple 10/12 SS POLO,13.95,Active,0,97,,No
810647006750,Purple 14/16 LS POLO,15.95,Active,,100,,No
810647006538,Purple 14/16 SS POLO,13.95,Active,0,100,,No
810647006767,Purple 18/20 LS POLO,15.95,Active,,99,,No
810647006545,Purple 18/20 SS POLO,13.95,Active,0,99,,No
,Purple 2/3 LS POLO,,Active,,100,,No
,Purple 2/3 SS POLO,13.95,Active,0,100,,No
810647006712,Purple 3/4 LS POLO,15.95,Active,,100,,No
810647006139,Purple 3/4 SS POLO,13.95,Active,0,100,,No
810647006729,Purple 5/6 LS POLO,15.95,Active,,100,,No
810647006262,Purple 5/6 SS POLO,13.95,Active,0,100,,No
810647006736,Purple 7/8 LS POLO,15.95,Active,,100,,No
810647006392,Purple 7/8 SS POLO,13.95,Active,0,100,,No
810647003629,Purple LG LS POLO,17.95,Active,,100,,No
810647003148,Purple LG SS POLO,15.95,Active,0,99,,No
,purple LS 10/12,15.95,Active,0,98,,No
810647003612,Purple MD LS POLO,17.95,Active,,100,,No
810647003131,Purple MD SS POLO,15.95,Active,0,100,,No
810647003605,Purple SM LS POLO,17.95,Active,,100,,No
810647003124,Purple SM SS POLO,15.95,Active,0,98,,No
810647003636,Purple XL LS POLO,17.95,Active,,100,,No
810647003155,Purple XL SS POLO,15.95,Active,0,100,,No
810647003643,Purple XXL LS POLO,21.95,Active,,100,,No
810647003162,Purple XXL SS POLO,19.95,Active,0,100,,No
,R-B Polo S-S 10/12,13.95,Active,0,92,,No
810647008143,Red 10/12 LS POLO,15.95,Active,,100,,No
810647006170,Red 10/12 SS POLO,13.95,Active,0,100,,No
810647008150,Red 14/16 LS POLO,15.95,Active,,100,,No
810647006187,Red 14/16 SS POLO,13.95,Active,0,100,,No
810647008167,Red 18/20 LS POLO,15.95,Active,,100,,No
810647006194,Red 18/20 SS POLO,13.95,Active,0,100,,No
,Red 2/3 LS POLO,,Active,,100,,No
,Red 2/3 SS POLO,13.95,Active,0,100,,No
810647008112,Red 3/4 LS POLO,15.95,Active,,100,,No
810647006149,Red 3/4 SS POLO,13.95,Active,0,100,,No
810647008129,Red 5/6 LS POLO,15.95,Active,,100,,No
810647006156,Red 5/6 SS POLO,13.95,Active,0,100,,No
810647008136,Red 7/8 LS POLO,15.95,Active,,100,,No
810647006163,Red 7/8 SS POLO,13.95,Active,0,100,,No
,Red L/S 18/20,15.95,Active,0,98,,No
810647003087,Red LG LS POLO,17.95,Active,,92,,No
810647008136,Red LG SS POLO,15.95,Active,0,94,,No
810647003070,Red MD LS POLO,17.95,Active,,100,,No
810647008129,Red MD SS POLO,15.95,Active,0,94,,No
810647003063,Red SM LS POLO,17.95,Active,,100,,No
810647008112,Red SM SS POLO,15.95,Active,0,92,,No
,Red Woman SS AL,15.95,Inactive,0,48,,No
810647003094,Red XL LS POLO,17.95,Active,,100,,No
810647008143,Red XL SS POLO,15.95,Active,0,94,,No
810647003100,Red XXL LS POLO,21.95,Active,,100,,No
810647008150,Red XXL SS POLO,19.95,Active,0,100,,No
,Royal 2XL Fleece,28.00,Active,0,100,,No
810647008204,Royal Blue 10/12 LS POLO,15.95,Active,,100,,No
810647006231,Royal Blue 10/12 SS POLO,13.95,Active,0,100,,No
810647008211,Royal Blue 14/16 LS POLO,15.95,Active,,100,,No
810647006248,Royal Blue 14/16 SS POLO,13.95,Active,0,92,,No
810647008075,Royal Blue 18/20 LS POLO,15.95,Active,,100,,No
810647004084,Royal Blue 18/20 SS POLO,13.95,Active,0,100,,No
,Royal Blue 2/3 LS POLO,,Active,,100,,No
,Royal Blue 2/3 SS POLO,13.95,Active,0,100,,No
810647008174,Royal Blue 3/4 LS POLO,15.95,Active,,96,,No
810647006200,Royal Blue 3/4 SS POLO,13.95,Active,0,96,,No
810647008181,Royal Blue 5/6 LS POLO,15.95,Active,,100,,No
810647006217,Royal Blue 5/6 SS POLO,13.95,Active,0,100,,No
810647008198,Royal Blue 7/8 LS POLO,15.95,Active,,100,,No
810647006224,Royal Blue 7/8 SS POLO,13.95,Active,0,100,,No
810647003223,Royal Blue LG LS POLO,17.95,Active,,100,,No
810647008587,Royal Blue LG SS POLO,15.95,Active,0,100,,No
810647003216,Royal Blue MD LS POLO,17.95,Active,,100,,No
810647008570,Royal Blue MD SS POLO,15.95,Active,0,100,,No
,Royal Blue Oxford SS MD,29.95,Active,0,0,,Yes
810647003209,Royal Blue SM LS POLO,17.95,Active,,100,,No
810647008563,Royal Blue SM SS POLO,15.95,Active,0,100,,No
810647003230,Royal Blue XL LS POLO,17.95,Active,,100,,No
810647008594,Royal Blue XL SS POLO,15.95,Active,0,100,,No
810647003247,Royal Blue XXL LS POLO,21.95,Active,,100,,No
810647008600,Royal Blue XXL SS POLO,19.95,Active,0,100,,No
,Royal L Fleece,28.00,Active,0,100,,No
,Royal M Fleece,28.00,Active,0,100,,No
,Royal S Fleece,28.00,Active,0,100,,No
,Royal XL Fleece,28.00,Active,0,100,,No
,Royal XS Fleece,28.00,Active,0,100,,No
,Royal YL Fleece,28.00,Active,0,100,,No
,Royal YM Fleece,28.00,Active,0,100,,No
,Royal YS Fleece,28.00,Active,0,100,,No
,Royal YXL Fleece,28.00,Active,0,100,,No
,S-S Green Polo Am,0.00,Inactive,0,0,,Yes
,Scooter,11.95,Inactive,0,0,,Yes
,Sweat Pants YS,15.50,Inactive,0,0,,Yes
,Sweat Shirt,0.00,Inactive,0,0,,Yes
,sweatshirt,15.00,Active,0,0,,Yes
,White 10 LS Oxford,19.95,Active,0,100,,No
,White 10 SS Oxford,17.95,Active,0,100,,No
810647005982,White 10/12 LS POLO,15.95,Active,,100,,No
,White 10/12 S-S Polo,13.95,Inactive,0,98,,No
810647006040,White 10/12 SS POLO,13.95,Active,0,100,,No
,White 12 LS Oxford,19.95,Active,0,100,,No
,White 12 LS Peter Pan,15.95,Active,0,100,,No
,White 12 SS Oxford,17.95,Active,0,100,,No
,White 12 SS Peter Pan,14.95,Active,0,100,,No
,White 14 LS Oxford,19.95,Active,0,99,,No
,White 14 LS Peter Pan,15.95,Active,0,100,,No
,White 14 SS Oxford,17.95,Active,0,100,,No
,White 14 SS Peter Pan,14.95,Active,0,100,,No
810647005999,White 14/16 LS POLO,15.95,Active,,100,,No
810647006057,White 14/16 SS POLO,13.95,Active,0,100,,No
,White 16 LS Oxford,19.95,Active,0,98,,No
,White 16 LS Peter Pan,16.95,Active,0,100,,No
,White 16 SS Oxford,17.95,Active,0,98,,No
,White 16 SS Peter Pan,15.95,Active,0,100,,No
,White 18 LS Oxford,19.95,Active,0,100,,No
,White 18 LS Peter Pan,16.95,Active,0,100,,No
,White 18 SS Oxford,17.95,Active,0,100,,No
,White 18 SS Peter Pan,15.95,Active,0,100,,No
810647008006,White 18/20 LS POLO,15.95,Active,,100,,No
810647006064,White 18/20 SS POLO,13.95,Active,0,100,,No
,White 2/3 LS POLO,,Active,,100,,No
,White 2/3 SS POLO,13.95,Active,0,100,,No
,White 20 LS Oxford,19.95,Active,0,100,,No
,White 20 LS Peter Pan,16.95,Active,0,100,,No
,White 20 SS Oxford,17.95,Active,0,100,,No
,White 20 SS Peter Pan,15.95,Active,0,100,,No
,White 2XL LS Oxford,23.95,Active,0,100,,No
,White 2XL SS Oxford,23.95,Active,0,100,,No
810647005951,White 3/4 LS POLO,15.95,Active,,100,,No
810647006019,White 3/4 SS POLO,13.95,Active,0,100,,No
,White 42 LS Peter Pan,16.95,Active,0,100,,No
,White 42 SS Peter Pan,16.95,Active,0,100,,No
,White 44 LS Peter Pan,17.95,Active,0,100,,No
,White 44 SS Peter Pan,16.95,Active,0,100,,No
,White 46 LS Peter Pan,17.95,Active,0,100,,No
,White 46 SS Peter Pan,17.95,Active,0,100,,No
,White 5 LS Oxford,19.95,Active,0,100,,No
,White 5 LS Peter Pan,14.95,Active,0,100,,No
,White 5 SS Oxford,17.95,Active,0,100,,No
,White 5 SS Peter Pan,13.95,Active,0,100,,No
810647005968,White 5/6 LS POLO,15.95,Active,,100,,No
810647006026,White 5/6 SS POLO,13.95,Active,0,100,,No
,White 6 LS Oxford,19.95,Active,0,100,,No
,White 6 LS Peter Pan,14.95,Active,0,100,,No
,White 6 SS Oxford,17.95,Active,0,100,,No
,White 6 SS Peter Pan,13.95,Active,0,100,,No
,White 6X LS Peter Pan,14.95,Active,0,100,,No
,White 6X SS Peter Pan,13.95,Active,0,100,,No
,White 7 LS Oxford,19.95,Active,0,100,,No
,White 7 LS Peter Pan,15.95,Active,0,100,,No
,White 7 SS Oxford,17.95,Active,0,100,,No
,White 7 SS Peter Pan,14.95,Active,0,100,,No
810647005975,White 7/8 LS POLO,15.95,Active,,100,,No
810647006033,White 7/8 SS POLO,13.95,Active,0,100,,No
,White 8 LS Oxford,19.95,Active,0,100,,No
,White 8 LS Peter Pan,15.95,Active,0,100,,No
,White 8 SS Oxford,17.95,Active,0,100,,No
,White 8 SS Peter Pan,14.95,Active,0,100,,No
,White L LS Oxford,19.95,Active,0,100,,No
,White L SS Oxford,19.95,Active,0,100,,No
810647002523,White LG LS POLO,17.95,Active,,100,,No
810647007924,White LG SS POLO,15.95,Active,0,100,,No
,White M LS Oxford,19.95,Active,0,100,,No
,White M SS Oxford,19.95,Active,0,100,,No
810647002516,White MD LS POLO,17.95,Active,,98,,No
810647007917,White MD SS POLO,15.95,Active,0,97,,No
885670776772,White Oxford  AS S/S,19.95,Active,0,98,,No
,White Oxford  AS S/S.,0.00,Active,0,0,,Yes
,White oxford 14/16 L-S,18.95,Active,0,0,,Yes
,White Oxford 16 SS,16.95,Active,0,0,,Yes
,White Oxford L-S 20,18.99,Active,0,97,,No
885670776628,White Oxford L/S  AS,21.95,Active,0,96,,No
,White Oxford L/S  AS.,0.00,Active,0,0,,Yes
,White Oxford LS 4XL,34.00,Active,0,0,,Yes
,White Oxford LS 5,14.95,Active,0,0,,Yes
,White Oxford LS 8,14.95,Active,0,0,,Yes
,White Oxford LS LG,21.95,Active,0,0,,Yes
,White Oxford S/S 20,16.99,Active,0,96,,No
,White Oxford SS 16,16.95,Active,0,0,,Yes
,White Oxford SS 18,16.95,Active,0,0,,Yes
,White Oxford SS 5,12.95,Active,0,0,,Yes
,White Oxford SS LG,19.95,Active,0,0,,Yes
,White Peter ,0.00,Active,0,0,,Yes
,White Peter Pan L/S 7,15.95,Active,0,0,,Yes
,White Peter Pan LS,0.00,Active,0,0,,Yes
,White Peter Pan SS,0.00,Active,0,0,,Yes
,White Peter Pan SS 8,9.95,Active,0,0,,Yes
,White S LS Oxford,19.95,Active,0,100,,No
,White S SS Oxford,19.95,Active,0,100,,No
810647005845,White SM LS POLO,17.95,Active,,100,,No
810647007900,White SM SS POLO,15.95,Active,0,98,,No
,White XL LS Oxford,21.95,Active,0,100,,No
810647002936,White XL LS POLO,17.95,Active,,100,,No
,White XL SS Oxford,19.95,Active,0,100,,No
810647007931,White XL SS POLO,15.95,Active,0,100,,No
810647002943,White XXL LS POLO,21.95,Active,,100,,No
810647007948,White XXL SS POLO,19.95,Active,0,100,,No
,White10 LS Peter Pan,15.95,Active,0,100,,No
,White10 SS Peter Pan,14.95,Active,0,100,,No
,White4 LS Peter Pan,14.95,Active,0,100,,No
,White4 SS Peter Pan,13.95,Active,0,100,,No
,Yellow 10/12 L-S Polo,15.95,Active,0,100,,No
810647006866,Yellow 10/12 LS POLO,15.95,Active,,100,,No
810647008365,Yellow 10/12 SS POLO,13.95,Active,0,100,,No
810647006873,Yellow 14/16 LS POLO,15.95,Active,,100,,No
810647008372,Yellow 14/16 SS POLO,13.95,Active,0,100,,No
810647006880,Yellow 18/20 LS POLO,15.95,Active,,100,,No
810647008389,Yellow 18/20 SS POLO,13.95,Active,0,100,,No
,Yellow 2/3 LS POLO,,Active,,100,,No
,Yellow 2/3 SS POLO,13.95,Active,0,100,,No
810647006835,Yellow 3/4 LS POLO,15.95,Active,,100,,No
810647008334,Yellow 3/4 SS POLO,13.95,Active,0,100,,No
810647006842,Yellow 5/6 LS POLO,15.95,Active,,100,,No
810647008341,Yellow 5/6 SS POLO,13.95,Active,0,96,,No
810647006859,Yellow 7/8 LS POLO,15.95,Active,,100,,No
810647008358,Yellow 7/8 SS POLO,13.95,Active,0,96,,No
810647003780,Yellow LG LS POLO,17.95,Active,,100,,No
810647005395,Yellow LG SS POLO,15.95,Active,0,100,,No
810647003773,Yellow MD LS POLO,17.95,Active,,100,,No
810647005388,Yellow MD SS POLO,15.95,Active,0,100,,No
,Yellow Oxford S-S 2XL,0.00,Active,0,9,,No
,Yellow Oxford SS,29.95,Active,0,94,,No
,Yellow Oxford W LS SM,29.95,Active,0,0,,Yes
,Yellow Oxford W LS XS,32.00,Active,0,0,,Yes
810647003766,Yellow SM LS POLO,17.95,Active,,100,,No
810647005371,Yellow SM SS POLO,15.95,Active,0,100,,No
810647003797,Yellow XL LS POLO,17.95,Active,,100,,No
810647005400,Yellow XL SS POLO,15.95,Active,0,100,,No
810647003803,Yellow XXL LS POLO,21.95,Active,,100,,No
810647005692,Yellow XXL SS POLO,19.95,Active,0,100,,No
,YM GCA Sweatpants Navy,15.50,Active,0,98,,No
